PDB_ID	bits
2dzlA	8.857
2bweC	7.264
6h3aB	6.365
7f7xB	5.22
7z36C	4.887
6qu1D	3.512
2myxA	3.287
2qhoH	3.077
6h3aD	2.524
2di0A	0.9367
2ekfA	0.05839
2ejsA	0.000385
2lvoC	6.466e-05
