PDB_ID	bits
2cugA	8.159
2k85A	1.639
7abfA4	1.448
2e71A	0.5736
2kiqA	0.5736
4fqgA	0.4766
7abgA4	0.4213
2jucA	0.3291
7oqeK	0.3291
2doeA	0.1152
2cqnA	0.06609
2kisA	0.05492
2dodA	0.04563
3hfhB	0.0429
3hfhA	0.02175
2l9vA	0.001352
2kzgA	6.561e-05
