PDB_ID	bits
6gtsC	8.601
6a8rB	7.332
3zpvB	2.813
7ycwA	0.7238
7b22C	0.7238
7b22H	0.7238
7b22A	0.5697
7ycwD	0.4139
8c24E	0.3822
3kxeD	0.002307
7ycuD	0.0006965
7ycsD	0.0004672
