PDB_ID	bits
3syvH	9.783
5wd9A	9.783
3etjB	9.783
7qnlAAA	9.196
2oxlB	9.196
3m4bA	9.196
3m4bA	9.196
7x6gA	8.645
6o8zZ	8.645
5he1A	8.645
8glvJT	8.645
5w6lA	8.127
1pc2A	8.127
6rceI	8.127
5ow5D	8.127
6c2yA	8.127
6f09P	7.639
6jodC	7.181
1b6sD	6.751
6ossC	5.965
8j7eF	5.965
4djgA	5.608
5xu0A	4.955
4djgB	4.955
1b6sA	4.658
4mbgA	3.419
4lnbA	1.96
5vmmF	0.0003859
5vmmE	0.0002353
7pchF	8.225e-05
4ij2G	1.456e-05
4ij2F	1.005e-05
7w81B	8.879e-06
2lhrA	8.879e-06
4ij2H	8.347e-06
6tb2E	2.743e-06
